{
  "name": "stock-quantity-status",
  "slots": [
    "root"
  ],
  "combinations": {
    "quantity=sufficient": {
      "color": {
        "r": 0.1450980392156863,
        "g": 0.43137254901960786,
        "b": 0.9568627450980393
      },
      "_tokenRefs": {
        "color": "info-500"
      }
    },
    "quantity=normal": {
      "color": {
        "r": 0.24705882352941178,
        "g": 0.6509803921568628,
        "b": 0.32941176470588235
      },
      "_tokenRefs": {
        "color": "success-400"
      }
    },
    "quantity=insufficient": {
      "color": {
        "r": 0.8705882352941177,
        "g": 0.20392156862745098,
        "b": 0.07058823529411765
      },
      "_tokenRefs": {
        "color": "danger-500"
      }
    }
  }
}