{
  "name": "alert",
  "slots": [
    "root"
  ],
  "combinations": {
    "variant=info": {
      "borderRadius": 8,
      "fontSize": 14,
      "bgColor": {
        "r": 0.9254901960784314,
        "g": 0.9490196078431372,
        "b": 0.996078431372549
      },
      "fontColor": {
        "r": 0.043137254901960784,
        "g": 0.3137254901960784,
        "b": 0.8156862745098039
      },
      "borderColor": {
        "r": 0.6941176470588235,
        "g": 0.807843137254902,
        "b": 0.984313725490196
      },
      "paddingTop": 12,
      "paddingBottom": 12,
      "paddingLeft": 16,
      "paddingRight": 16,
      "_tokenRefs": {
        "borderRadius": "radius-4",
        "bgColor": "info-50",
        "fontColor": "info-600",
        "borderColor": "info-200"
      }
    },
    "variant=success": {
      "borderRadius": 8,
      "fontSize": 14,
      "bgColor": {
        "r": 0.9176470588235294,
        "g": 0.9647058823529412,
        "b": 0.9254901960784314
      },
      "fontColor": {
        "r": 0.14901960784313725,
        "g": 0.45098039215686275,
        "b": 0.21568627450980393
      },
      "borderColor": {
        "r": 0.6627450980392157,
        "g": 0.8549019607843137,
        "b": 0.7058823529411765
      },
      "paddingTop": 12,
      "paddingBottom": 12,
      "paddingLeft": 16,
      "paddingRight": 16,
      "_tokenRefs": {
        "borderRadius": "radius-4",
        "bgColor": "success-50",
        "fontColor": "success-600",
        "borderColor": "success-200"
      }
    },
    "variant=warning": {
      "borderRadius": 8,
      "fontSize": 14,
      "bgColor": {
        "r": 1,
        "g": 0.9529411764705882,
        "b": 0.8588235294117647
      },
      "fontColor": {
        "r": 0.5411764705882353,
        "g": 0.3607843137254902,
        "b": 0
      },
      "borderColor": {
        "r": 1,
        "g": 0.788235294117647,
        "b": 0.3607843137254902
      },
      "paddingTop": 12,
      "paddingBottom": 12,
      "paddingLeft": 16,
      "paddingRight": 16,
      "_tokenRefs": {
        "borderRadius": "radius-4",
        "bgColor": "warning-50",
        "fontColor": "warning-600",
        "borderColor": "warning-200"
      }
    },
    "variant=error": {
      "borderRadius": 8,
      "fontSize": 14,
      "bgColor": {
        "r": 0.9921568627450981,
        "g": 0.9372549019607843,
        "b": 0.9254901960784314
      },
      "fontColor": {
        "r": 0.7411764705882353,
        "g": 0.17254901960784313,
        "b": 0.058823529411764705
      },
      "borderColor": {
        "r": 0.9686274509803922,
        "g": 0.6862745098039216,
        "b": 0.6313725490196078
      },
      "paddingTop": 12,
      "paddingBottom": 12,
      "paddingLeft": 16,
      "paddingRight": 16,
      "_tokenRefs": {
        "borderRadius": "radius-4",
        "bgColor": "danger-50",
        "fontColor": "danger-600",
        "borderColor": "danger-200"
      }
    }
  }
}