{
  "name": "link",
  "slots": [
    "root"
  ],
  "combinations": {
    "variant=inline": {
      "color": {
        "r": 0.1450980392156863,
        "g": 0.43137254901960786,
        "b": 0.9568627450980393
      },
      "_tokenRefs": {
        "color": "info-500"
      },
      "states": {
        "hover": {
          "color": {
            "r": 0.03137254901960784,
            "g": 0.2196078431372549,
            "b": 0.5686274509803921
          },
          "_tokenRefs": {
            "color": "info-700"
          }
        }
      }
    },
    "variant=current": {
      "states": {
        "hover": {}
      }
    },
    "variant=plain": {
      "color": {
        "r": 0.1450980392156863,
        "g": 0.43137254901960786,
        "b": 0.9568627450980393
      },
      "_tokenRefs": {
        "color": "info-500"
      },
      "states": {
        "hover": {
          "color": {
            "r": 0.03137254901960784,
            "g": 0.2196078431372549,
            "b": 0.5686274509803921
          },
          "_tokenRefs": {
            "color": "info-700"
          }
        }
      }
    }
  }
}